Subreddit,Members,Priority,Relevance,Category,Self-Promotion Rules,Karma Required,Notes,Date Joined,First Post Date
r/AusFinance,761000,HIGHEST,High,Finance,"STRICT - Join conversations naturally. Follow 10:1 rule (90% helpful comments, 10% promotion). Avoid direct advertising. Must provide genuine value.",50-100+,"Massive reach. Post about financial impact of separation. Expect skepticism - be ready to explain accuracy. Financial disclaimer required.",,
r/AusLegal,120000,HIGHEST,Very High,Legal,"MODERATE - Tools/resources generally allowed if genuinely helpful. No legal advice (you're not a lawyer). Must be accurate and useful.",50+,"Perfect fit. Answer child support questions WITHOUT calculator first. Build credibility. Expect questions about accuracy - have formula docs ready.",,
r/AusParents,818,HIGH,Very High,Parenting,"RELAXED - Small supportive community. Personal stories work well. Less strict on self-promotion if genuinely helpful.",20-50,"Small but highly targeted. Share personal separation experience + tool. Very engaged community. Respond to every comment.",,
r/australia,1000000,HIGH,Medium,General,"VERY STRICT - Contact mods first if long-term participant. No spam/self-promotion unless approved. Must be relevant to Australians.",100+,"Massive reach but strict moderation. PSA-style posts work best. Expect political discussions to derail. Be respectful of mods.",,
r/AskAnAustralian,100000,HIGH,High,Q&A,"MODERATE - Q&A format. Answer existing questions first. Can share tools in answers naturally. Educational content works well.",50+,"Answer 'How does child support work?' questions. Share calculator at end of helpful answer. Clarify Australian context for international audience.",,
r/AusProperty,200000,MEDIUM,Medium,Property/Finance,"MODERATE - Property/finance discussions welcome. Follow 10:1 rule. Separation + property settlement posts accepted.",50+,"Property settlement + child support overlap. Discuss financial aspects of separation. Less active than AusFinance.",,
r/fiaustralia,100000,MEDIUM,Medium,Finance,"MODERATE - Financial planning focus. Follow 10:1 rule. Post-separation financial planning relevant.",50+,"Financial independence community. Child support as expense in FIRE planning. More technical audience.",,
r/sydney,500000,MEDIUM,Low-Medium,City,"MODERATE - Local content preferred. Follow 10:1 rule. Tools for Sydney residents generally OK.",30-50,"City-specific. Good for targeted Sydney lawyer partnerships later. Local questions work best.",,
r/melbourne,500000,MEDIUM,Low-Medium,City,"MODERATE - Local content preferred. Follow 10:1 rule. Tools for Melbourne residents generally OK.",30-50,"City-specific. Good for targeted Melbourne lawyer partnerships later. Local questions work best.",,
r/brisbane,200000,MEDIUM,Low-Medium,City,"MODERATE - Local content preferred. Follow 10:1 rule. Tools for Brisbane residents generally OK.",30-50,"City-specific. Good for targeted Brisbane lawyer partnerships later. Local questions work best.",,
r/perth,150000,MEDIUM,Low-Medium,City,"MODERATE - Local content preferred. Follow 10:1 rule. Tools for Perth residents generally OK.",30-50,"City-specific. Good for targeted Perth lawyer partnerships later. Local questions work best.",,
r/adelaide,100000,MEDIUM,Low-Medium,City,"MODERATE - Local content preferred. Follow 10:1 rule. Tools for Adelaide residents generally OK.",30-50,"City-specific. Good for targeted Adelaide lawyer partnerships later. Local questions work best.",, 
r/AUfrugal,10000,LOW,Medium,Finance,"RELAXED - Small community. Budget tips welcome. Follow 10:1 rule but less strict.",20-30,"Frugal living. Single parents managing tight budgets. Child support as income/expense topic.",,
r/AskParents,210000,LOW,Medium,Parenting,"MODERATE - International audience. Follow 10:1 rule. Clarify Australian context clearly.",30-50,"General parenting (not Australia-specific). Many Australian users. Mention Australian perspective.",,
r/Separation,50000,LOW,High,Relationships,"MODERATE - Support-focused community. Personal stories welcome. Tools OK if helpful.",30-50,"International separation discussions. Share Australian separation process. Calculator for Aussies.",,
r/Divorce,200000,LOW,High,Relationships,"MODERATE - Support-focused. Follow 10:1 rule. International audience - clarify Australian context.",50+,"International divorce. Child support common topic. Explain Australian differences from US system.",,
r/AusStocks,100000,LOW,Low,Finance/Investing,"MODERATE - Stock market focus. Off-topic posts may be removed. Only if financial planning angle.",50+,"Stock market focus. Less relevant. Only if discussing financial planning post-separation.",,
r/AusPropertyBroker,5000,LOW,Low,Property,"RELAXED - Small niche community. Property/mortgage questions. Separation overlap rare.",10-20,"Niche property/mortgage community. Only if property settlement + child support together.",,